20241114,Jaruban
10245002,Kamal
10245003,Nimal
10245004,Sunil
10245005,Meena
10245006,Arjun
10245007,Priyan
10245008,Kavindi
10245009,Dilshan
10245010,Tharaka
10245011,Amara
10245012,Bodhi
10245013,Chathura
10245014,Dinesh
10245015,Eranga
10245016,Farhan
10245017,Gihan
10245018,Hansani
10245019,Indika
10245020,Janith
10245021,Kasun
10245022,Lakmal
10245023,Malith
10245024,Nuwan
10245025,Oshada
10245026,Piyumi
10245027,Ruwan
10245028,Sajith
10245029,Thilina
10245030,Upul
10245031,Vimukthi
10245032,Wasana
10245033,Yasiru
10245034,Zaid
10245035,Akila
10245036,Bhanuka
10245037,Chamari
10245038,Danuka
10245039,Eshani
10245040,Gayani
10245041,Hashan
10245042,Ishara
10245043,Jayan
10245044,Kusal
10245045,Lasith
10245046,Mahela
10245047,Nirosh
10245048,Pathum
10245049,Roshen
10245050,Sadeera
10245051,Teshan
10245052,Udara
10245053,Vidura
10245054,Wanidu
10245055,Yogesh
10245056,Zarina
10245057,Aman
10245058,Binura
10245059,Charith
10245060,Dasun
10245061,Elian
10245062,Faizal
10245063,Gemunu
10245064,Himanshu
10245065,Inoka
10245066,Jeevan
10245067,Kalana
10245068,Lahiru
10245069,Minod
10245070,Naveen
10245071,Ovini
10245072,Pawan
10245073,Ramesh
10245074,Suraj
10245075,Thariq
10245076,Umesh
10245077,Vishwa
10245078,Waruna
10245079,Yohan
10245080,Zainab
10245081,Ashan
10245082,Buddhika
10245083,Chathuri
10245084,Dulani
10245085,Erandi
10245086,Gayashan
10245087,Harsha
10245088,Isuru
10245089,Janaka
10245090,Kavishka
10245091,Lakshan
10245092,Milinda
10245093,Nilanka
10245094,Onella
10245095,Pasindu
10245096,Rishad
10245097,Sandun
10245098,Tharindu
10245099,Ushani
10245100,Vihan
